model_type,specific_name,loss,acc,f1_m,precision_m,recall_m
hrnet,simple_binary,0.2582337916515034,0.9065570760267386,0.7738537973690527,0.8183476316496499,0.7353643175851495
